[{"pk": 4, "model": "talentshow.auditioner", "fields": {"time_registered": "2014-07-25T05:55:36.417Z", "first_name": "Andrew", "last_name": "Raftery", "description": "test", "phone": "", "secret": "36B3C82SK4RDV5AAFQY3PUSNW21WMF", "email": "andrewraftery@gmail.com"}}, {"pk": 5, "model": "talentshow.auditioner", "fields": {"time_registered": "2014-07-25T06:02:43.066Z", "first_name": "Test", "last_name": "Test", "description": "ssf", "phone": "", "secret": "40FICSDKXTB2VS4SBTK7I99RXRKS5C", "email": "andrewraftery1@gmail.com"}}, {"pk": 6, "model": "talentshow.auditioner", "fields": {"time_registered": "2014-07-25T06:04:44.011Z", "first_name": "dfsdfkjlk", "last_name": "lkj", "description": "sfddf", "phone": "", "secret": "BPCBUKORZVCOK5PTTS0C3UYTWY2PSD", "email": "lkjkj@ksdjf.com"}}, {"pk": 7, "model": "talentshow.auditioner", "fields": {"time_registered": "2014-07-25T06:05:12.980Z", "first_name": "dfsdfkjlk", "last_name": "lkj", "description": "sfddf", "phone": "", "secret": "E3S70Z2T2P3PTRFTB5C05UK1FJ38IP", "email": "lksdfdsfjkj@ksdjf.com"}}, {"pk": 8, "model": "talentshow.auditioner", "fields": {"time_registered": "2014-07-25T22:32:59.398Z", "first_name": "Test", "last_name": "Name", "description": "sdfkljsdf", "phone": "", "secret": "MY7ZDTF09LXKSEBZ8D5MGS53FJS5QD", "email": "tsldkgj@kd.com"}}, {"pk": 9, "model": "talentshow.auditioner", "fields": {"time_registered": "2014-07-25T22:42:57.989Z", "first_name": "tskdj", "last_name": "slkdjfs", "description": "lskdjfsf", "phone": "", "secret": "UCKRCXPVNFQ7V5C10QZ64EOQDE21AK", "email": "lksdfsdf@slkdfj.com"}}, {"pk": 10, "model": "talentshow.auditioner", "fields": {"time_registered": "2014-07-26T16:19:55.758Z", "first_name": "fsdfkj", "last_name": "lkjdsflkj", "description": "ksjdkasd", "phone": "", "secret": "1SN45ZAPAXJR60CNMFZETQ9138D1ZC", "email": "llkjsdflk@lksdjf.com"}}, {"pk": 11, "model": "talentshow.auditioner", "fields": {"time_registered": "2014-07-26T21:10:42.833Z", "first_name": "sdfsdfsdfsdf", "last_name": "jlkljlkjlk", "description": "kjldakldjsad", "phone": "", "secret": "L8YG2K0BWUHF2N3E5XKI71AE17NN0P", "email": "lklkjk@fdfd.com"}}, {"pk": 12, "model": "talentshow.auditioner", "fields": {"time_registered": "2014-07-27T18:11:24.257Z", "first_name": "sdfjhdskfj", "last_name": "jkhsdfkjhsdf", "description": "lksdjfdskf", "phone": "", "secret": "NQNSM8HKXNYB9WO6V5INW5GO98I3E3", "email": "kjshdfsdjfh@sdkfc.com"}}, {"pk": 13, "model": "talentshow.auditioner", "fields": {"time_registered": "2014-07-28T03:39:20.379Z", "first_name": "sdlfkjsdf", "last_name": "lkjsdfljksf", "description": "sdfdf", "phone": "", "secret": "LBN9P24B6M1UMG9A0BRW2QH00U6OWK", "email": "lsdjkfsdlf@dsfsdf.com"}}, {"pk": 14, "model": "talentshow.auditioner", "fields": {"time_registered": "2014-07-28T03:42:01.523Z", "first_name": "sdsdf", "last_name": "sdfsdfsdf", "description": "sdfsdf", "phone": "", "secret": "995EGYFYP9DPNCVXYM457WB4MWC9K2", "email": "sdfsdfsdf@dfsdf.com"}}, {"pk": 15, "model": "talentshow.auditioner", "fields": {"time_registered": "2014-07-29T02:28:12.453Z", "first_name": "Andrew", "last_name": "Raftery", "description": "lksjflkgj", "phone": "345-345-3455", "secret": "LO4O1F1NLVLDDIE4JVQGN5HA9LK482", "email": "sdjfds@lfjsf.com"}}, {"pk": 16, "model": "talentshow.auditioner", "fields": {"time_registered": "2014-07-29T02:35:57.709Z", "first_name": "dsfsdfl", "last_name": "jklkjk", "description": "kljdk", "phone": "", "secret": "1EYQ9671S1Q3ADF8G0TMR3GMGT8UCM", "email": "lkjlkj@sdlkfj.com"}}, {"pk": 17, "model": "talentshow.auditioner", "fields": {"time_registered": "2014-07-29T02:38:57.779Z", "first_name": "sdfsdf", "last_name": "ljksfd", "description": ";sdf", "phone": "", "secret": "UIE44HJ51KL5VAA024C0IVI7Y95L1F", "email": "lkjsdflk@ksdf.com"}}, {"pk": 18, "model": "talentshow.auditioner", "fields": {"time_registered": "2014-07-29T02:40:54.457Z", "first_name": "sdfsdfsdf", "last_name": "ljlkj", "description": "lksjdfklsdjf", "phone": "", "secret": "IJIWZX61NGG7HSX0K71R04YT7LZDXU", "email": "kljlkdjf@kjsdf.com"}}, {"pk": 19, "model": "talentshow.auditioner", "fields": {"time_registered": "2014-07-29T02:42:38.736Z", "first_name": "sdfdsflkj", "last_name": "kj", "description": "ksdjfsdf", "phone": "", "secret": "Z910FP7DOEC14HWRO4ESLL5TT5CS2G", "email": "lkjkl@djf.com"}}, {"pk": 20, "model": "talentshow.auditioner", "fields": {"time_registered": "2014-07-29T02:45:08.133Z", "first_name": "sdfd", "last_name": "lkjlkjdsf", "description": ";sdkfkdf", "phone": "", "secret": "ZKE8SQDNUDIRSCV207GIZUEIK2ZHB7", "email": "lksf@skdf.com"}}, {"pk": 21, "model": "talentshow.auditioner", "fields": {"time_registered": "2014-07-29T02:45:39.271Z", "first_name": "sdfsdfjh", "last_name": "jkh", "description": "lkdsjfsf", "phone": "", "secret": "HZWITED3AFC1A9FIKK3IPDV7GH1NC4", "email": "kjhkjhsfj@lkwjf.com"}}, {"pk": 22, "model": "talentshow.auditioner", "fields": {"time_registered": "2014-07-29T04:18:53.787Z", "first_name": "Cat", "last_name": "Martinez", "description": "lksdjfklsdjfsdkf", "phone": "", "secret": "KIKZ4PKMZDT2OWKPPKBRMRD9F4MR77", "email": "cat@gmail.com"}}, {"pk": 23, "model": "talentshow.auditioner", "fields": {"time_registered": "2014-07-29T05:35:07.935Z", "first_name": "jkjh", "last_name": "jhjkhsdjkh", "description": "kljlkfg", "phone": "", "secret": "UFT3IADXJ3Q760FJRUNRWAES2P75UZ", "email": "kjhjkg@kljg.com"}}, {"pk": 24, "model": "talentshow.auditioner", "fields": {"time_registered": "2014-07-29T05:36:09.912Z", "first_name": "sdklfj", "last_name": "lkjdsf", "description": "jklsdfkjdf", "phone": "", "secret": "W19CM2ESQTDHMVK6F3LF3O2OR3UB8O", "email": "lkjdsfk@kdf.com"}}, {"pk": 25, "model": "talentshow.auditioner", "fields": {"time_registered": "2014-07-29T05:38:20.777Z", "first_name": "ljdf", "last_name": "lkjdslkfj", "description": "lkjsdfkf", "phone": "", "secret": "DZFNWVG6WK7DISF1H8ZN4KNHOQU7JZ", "email": "lkjsdlfk@jkdf.com"}}, {"pk": 26, "model": "talentshow.auditioner", "fields": {"time_registered": "2014-07-29T05:38:57.290Z", "first_name": "dfsjdfk", "last_name": "lkjsdlfkj", "description": "lkjsdflks", "phone": "", "secret": "OFDKBOM25HTYG6NFV9FFK86J80UC0M", "email": "kljslfk@kdjf.com"}}, {"pk": 27, "model": "talentshow.auditioner", "fields": {"time_registered": "2014-07-29T05:43:59.365Z", "first_name": "fdgdflkgj", "last_name": "lkjsglkjs", "description": ";sfg", "phone": "", "secret": "Z2YVAVBQ8OIKBOZLJFOOB2ETFQ1A97", "email": "lkjsg@sjkfg.com"}}, {"pk": 5, "model": "talentshow.auditionsession", "fields": {"location": "Holden Chapel"}}, {"pk": 6, "model": "talentshow.auditionsession", "fields": {"location": "Holden Chapel"}}, {"pk": 7, "model": "talentshow.auditionsession", "fields": {"location": "Holden Chapel"}}, {"pk": 50, "model": "talentshow.auditionslot", "fields": {"auditioner": 13, "session": 5, "start_time": "2014-08-27T13:00:00Z", "end_time": "2014-08-27T13:10:00Z"}}, {"pk": 51, "model": "talentshow.auditionslot", "fields": {"auditioner": 16, "session": 5, "start_time": "2014-08-27T13:10:00Z", "end_time": "2014-08-27T13:20:00Z"}}, {"pk": 52, "model": "talentshow.auditionslot", "fields": {"auditioner": 26, "session": 5, "start_time": "2014-08-27T13:20:00Z", "end_time": "2014-08-27T13:30:00Z"}}, {"pk": 53, "model": "talentshow.auditionslot", "fields": {"auditioner": 25, "session": 5, "start_time": "2014-08-27T13:30:00Z", "end_time": "2014-08-27T13:40:00Z"}}, {"pk": 54, "model": "talentshow.auditionslot", "fields": {"auditioner": 22, "session": 5, "start_time": "2014-08-27T13:40:00Z", "end_time": "2014-08-27T13:50:00Z"}}, {"pk": 55, "model": "talentshow.auditionslot", "fields": {"auditioner": 24, "session": 5, "start_time": "2014-08-27T13:50:00Z", "end_time": "2014-08-27T14:00:00Z"}}, {"pk": 56, "model": "talentshow.auditionslot", "fields": {"auditioner": 27, "session": 5, "start_time": "2014-08-27T14:00:00Z", "end_time": "2014-08-27T14:10:00Z"}}, {"pk": 57, "model": "talentshow.auditionslot", "fields": {"auditioner": 23, "session": 5, "start_time": "2014-08-27T14:10:00Z", "end_time": "2014-08-27T14:20:00Z"}}, {"pk": 58, "model": "talentshow.auditionslot", "fields": {"auditioner": null, "session": 5, "start_time": "2014-08-27T14:20:00Z", "end_time": "2014-08-27T14:30:00Z"}}, {"pk": 59, "model": "talentshow.auditionslot", "fields": {"auditioner": null, "session": 5, "start_time": "2014-08-27T14:30:00Z", "end_time": "2014-08-27T14:40:00Z"}}, {"pk": 60, "model": "talentshow.auditionslot", "fields": {"auditioner": null, "session": 5, "start_time": "2014-08-27T14:40:00Z", "end_time": "2014-08-27T14:50:00Z"}}, {"pk": 61, "model": "talentshow.auditionslot", "fields": {"auditioner": 17, "session": 5, "start_time": "2014-08-27T14:50:00Z", "end_time": "2014-08-27T15:00:00Z"}}, {"pk": 62, "model": "talentshow.auditionslot", "fields": {"auditioner": 21, "session": 5, "start_time": "2014-08-27T15:00:00Z", "end_time": "2014-08-27T15:10:00Z"}}, {"pk": 63, "model": "talentshow.auditionslot", "fields": {"auditioner": 20, "session": 5, "start_time": "2014-08-27T15:10:00Z", "end_time": "2014-08-27T15:20:00Z"}}, {"pk": 64, "model": "talentshow.auditionslot", "fields": {"auditioner": null, "session": 5, "start_time": "2014-08-27T15:20:00Z", "end_time": "2014-08-27T15:30:00Z"}}, {"pk": 65, "model": "talentshow.auditionslot", "fields": {"auditioner": 7, "session": 5, "start_time": "2014-08-27T15:30:00Z", "end_time": "2014-08-27T15:40:00Z"}}, {"pk": 66, "model": "talentshow.auditionslot", "fields": {"auditioner": null, "session": 5, "start_time": "2014-08-27T15:40:00Z", "end_time": "2014-08-27T15:50:00Z"}}, {"pk": 67, "model": "talentshow.auditionslot", "fields": {"auditioner": null, "session": 5, "start_time": "2014-08-27T15:50:00Z", "end_time": "2014-08-27T16:00:00Z"}}, {"pk": 68, "model": "talentshow.auditionslot", "fields": {"auditioner": null, "session": 6, "start_time": "2014-08-30T15:00:00Z", "end_time": "2014-08-30T15:10:00Z"}}, {"pk": 69, "model": "talentshow.auditionslot", "fields": {"auditioner": null, "session": 6, "start_time": "2014-08-30T15:10:00Z", "end_time": "2014-08-30T15:20:00Z"}}, {"pk": 70, "model": "talentshow.auditionslot", "fields": {"auditioner": null, "session": 6, "start_time": "2014-08-30T15:20:00Z", "end_time": "2014-08-30T15:30:00Z"}}, {"pk": 71, "model": "talentshow.auditionslot", "fields": {"auditioner": null, "session": 6, "start_time": "2014-08-30T15:30:00Z", "end_time": "2014-08-30T15:40:00Z"}}, {"pk": 72, "model": "talentshow.auditionslot", "fields": {"auditioner": null, "session": 6, "start_time": "2014-08-30T15:40:00Z", "end_time": "2014-08-30T15:50:00Z"}}, {"pk": 73, "model": "talentshow.auditionslot", "fields": {"auditioner": null, "session": 6, "start_time": "2014-08-30T15:50:00Z", "end_time": "2014-08-30T16:00:00Z"}}, {"pk": 74, "model": "talentshow.auditionslot", "fields": {"auditioner": 8, "session": 6, "start_time": "2014-08-30T16:00:00Z", "end_time": "2014-08-30T16:10:00Z"}}, {"pk": 75, "model": "talentshow.auditionslot", "fields": {"auditioner": null, "session": 6, "start_time": "2014-08-30T16:10:00Z", "end_time": "2014-08-30T16:20:00Z"}}, {"pk": 76, "model": "talentshow.auditionslot", "fields": {"auditioner": 19, "session": 6, "start_time": "2014-08-30T16:20:00Z", "end_time": "2014-08-30T16:30:00Z"}}, {"pk": 77, "model": "talentshow.auditionslot", "fields": {"auditioner": null, "session": 6, "start_time": "2014-08-30T16:30:00Z", "end_time": "2014-08-30T16:40:00Z"}}, {"pk": 78, "model": "talentshow.auditionslot", "fields": {"auditioner": 18, "session": 6, "start_time": "2014-08-30T16:40:00Z", "end_time": "2014-08-30T16:50:00Z"}}, {"pk": 79, "model": "talentshow.auditionslot", "fields": {"auditioner": null, "session": 6, "start_time": "2014-08-30T16:50:00Z", "end_time": "2014-08-30T17:00:00Z"}}, {"pk": 80, "model": "talentshow.auditionslot", "fields": {"auditioner": null, "session": 7, "start_time": "2014-08-29T13:00:00Z", "end_time": "2014-08-29T13:10:00Z"}}, {"pk": 81, "model": "talentshow.auditionslot", "fields": {"auditioner": null, "session": 7, "start_time": "2014-08-29T13:10:00Z", "end_time": "2014-08-29T13:20:00Z"}}, {"pk": 82, "model": "talentshow.auditionslot", "fields": {"auditioner": null, "session": 7, "start_time": "2014-08-29T13:20:00Z", "end_time": "2014-08-29T13:30:00Z"}}, {"pk": 83, "model": "talentshow.auditionslot", "fields": {"auditioner": null, "session": 7, "start_time": "2014-08-29T13:30:00Z", "end_time": "2014-08-29T13:40:00Z"}}, {"pk": 84, "model": "talentshow.auditionslot", "fields": {"auditioner": null, "session": 7, "start_time": "2014-08-29T13:40:00Z", "end_time": "2014-08-29T13:50:00Z"}}, {"pk": 85, "model": "talentshow.auditionslot", "fields": {"auditioner": null, "session": 7, "start_time": "2014-08-29T13:50:00Z", "end_time": "2014-08-29T14:00:00Z"}}, {"pk": 86, "model": "talentshow.auditionslot", "fields": {"auditioner": null, "session": 7, "start_time": "2014-08-29T14:00:00Z", "end_time": "2014-08-29T14:10:00Z"}}, {"pk": 87, "model": "talentshow.auditionslot", "fields": {"auditioner": 15, "session": 7, "start_time": "2014-08-29T14:10:00Z", "end_time": "2014-08-29T14:20:00Z"}}, {"pk": 88, "model": "talentshow.auditionslot", "fields": {"auditioner": null, "session": 7, "start_time": "2014-08-29T14:20:00Z", "end_time": "2014-08-29T14:30:00Z"}}, {"pk": 89, "model": "talentshow.auditionslot", "fields": {"auditioner": null, "session": 7, "start_time": "2014-08-29T14:30:00Z", "end_time": "2014-08-29T14:40:00Z"}}, {"pk": 90, "model": "talentshow.auditionslot", "fields": {"auditioner": null, "session": 7, "start_time": "2014-08-29T14:40:00Z", "end_time": "2014-08-29T14:50:00Z"}}, {"pk": 91, "model": "talentshow.auditionslot", "fields": {"auditioner": null, "session": 7, "start_time": "2014-08-29T14:50:00Z", "end_time": "2014-08-29T15:00:00Z"}}, {"pk": 92, "model": "talentshow.auditionslot", "fields": {"auditioner": null, "session": 7, "start_time": "2014-08-29T15:00:00Z", "end_time": "2014-08-29T15:10:00Z"}}, {"pk": 93, "model": "talentshow.auditionslot", "fields": {"auditioner": null, "session": 7, "start_time": "2014-08-29T15:10:00Z", "end_time": "2014-08-29T15:20:00Z"}}, {"pk": 94, "model": "talentshow.auditionslot", "fields": {"auditioner": null, "session": 7, "start_time": "2014-08-29T15:20:00Z", "end_time": "2014-08-29T15:30:00Z"}}, {"pk": 95, "model": "talentshow.auditionslot", "fields": {"auditioner": null, "session": 7, "start_time": "2014-08-29T15:30:00Z", "end_time": "2014-08-29T15:40:00Z"}}, {"pk": 96, "model": "talentshow.auditionslot", "fields": {"auditioner": null, "session": 7, "start_time": "2014-08-29T15:40:00Z", "end_time": "2014-08-29T15:50:00Z"}}, {"pk": 97, "model": "talentshow.auditionslot", "fields": {"auditioner": null, "session": 7, "start_time": "2014-08-29T15:50:00Z", "end_time": "2014-08-29T16:00:00Z"}}]